{
  "run_id": "20260422-183514-094f64a8",
  "rows": [
    {
      "seed": 0,
      "non_embedding_params": 19519872,
      "total_trainable_params": 39015168,
      "final_val_loss": 239.0,
      "budget_train_tokens": 1000000000,
      "budget_train_flops_counter": 1.1802651557599642e+17,
      "val_loss_at_flop_checkpoint": 239.0,
      "wall_seconds_total_run": 0.629055777999838,
      "wall_seconds_for_budget_tokens_throughput_estimate": 19197.258850092712,
      "val_loss_at_wall_checkpoint": 239.0,
      "cum_train_flops_observed": 3867439398912.0,
      "tokens_per_sec_mean": 52090.7702401049,
      "peak_gpu_memory_bytes": 31746127360,
      "llm_judge": {
        "coherence_mean": 0.0,
        "grammar_mean": 0.0,
        "creativity_mean": 0.0
      },
      "history_len": 1
    },
    {
      "seed": 1,
      "non_embedding_params": 19519872,
      "total_trainable_params": 39015168,
      "final_val_loss": 240.0,
      "budget_train_tokens": 1000000000,
      "budget_train_flops_counter": 1.1802651557599642e+17,
      "val_loss_at_flop_checkpoint": 240.0,
      "wall_seconds_total_run": 0.2655955550001181,
      "wall_seconds_for_budget_tokens_throughput_estimate": 8105.33309936884,
      "val_loss_at_wall_checkpoint": 240.0,
      "cum_train_flops_observed": 3867439398912.0,
      "tokens_per_sec_mean": 123375.55875129547,
      "peak_gpu_memory_bytes": 31781123584,
      "llm_judge": {
        "coherence_mean": 0.0,
        "grammar_mean": 0.0,
        "creativity_mean": 0.0
      },
      "history_len": 1
    },
    {
      "seed": 2,
      "non_embedding_params": 19519872,
      "total_trainable_params": 39015168,
      "final_val_loss": 236.0,
      "budget_train_tokens": 1000000000,
      "budget_train_flops_counter": 1.1802651557599642e+17,
      "val_loss_at_flop_checkpoint": 236.0,
      "wall_seconds_total_run": 0.26548981500013724,
      "wall_seconds_for_budget_tokens_throughput_estimate": 8102.106170658486,
      "val_loss_at_wall_checkpoint": 236.0,
      "cum_train_flops_observed": 3867439398912.0,
      "tokens_per_sec_mean": 123424.6971017817,
      "peak_gpu_memory_bytes": 31781123584,
      "llm_judge": {
        "coherence_mean": 0.0,
        "grammar_mean": 0.0,
        "creativity_mean": 0.0
      },
      "history_len": 1
    }
  ],
  "aggregate": {
    "run_id": "20260422-183514-094f64a8",
    "final_val_loss": {
      "mean": 238.33333333333334,
      "stderr": 1.2018504251546631,
      "per_seed": [
        239.0,
        240.0,
        236.0
      ]
    },
    "val_loss_at_flop_checkpoint": {
      "mean": 238.33333333333334,
      "stderr": 1.2018504251546631,
      "per_seed": [
        239.0,
        240.0,
        236.0
      ]
    },
    "val_loss_at_wall_checkpoint": {
      "mean": 238.33333333333334,
      "stderr": 1.2018504251546631,
      "per_seed": [
        239.0,
        240.0,
        236.0
      ]
    },
    "tokens_per_sec_mean": {
      "mean": 99630.34203106069,
      "stderr": 23769.79012805226,
      "per_seed": [
        52090.7702401049,
        123375.55875129547,
        123424.6971017817
      ]
    },
    "peak_gpu_memory_bytes": {
      "mean": 31769458176.0,
      "stderr": 11665408.000000002,
      "per_seed": [
        31746127360.0,
        31781123584.0,
        31781123584.0
      ]
    }
  }
}