{
  "seed": 0,
  "non_embedding_params": 19519872,
  "total_trainable_params": 39015168,
  "final_val_loss": 2.008572048611111,
  "budget_train_tokens": 240000000,
  "budget_train_flops_counter": 2.83289935970304e+16,
  "val_loss_at_flop_checkpoint": 2.00890625,
  "wall_seconds_total_run": 1511.73094438,
  "wall_seconds_for_budget_tokens_throughput_estimate": 1511.5697102775705,
  "val_loss_at_wall_checkpoint": 2.00890625,
  "cum_train_flops_observed": 2.83289935970304e+16,
  "tokens_per_sec_mean": 158775.34351752038,
  "peak_gpu_memory_bytes": 32095149056,
  "llm_judge": {
    "coherence_mean": 0.0,
    "grammar_mean": 0.0,
    "creativity_mean": 0.0
  },
  "history_len": 14
}