{
  "seed": 0,
  "non_embedding_params": 19519872,
  "total_trainable_params": 38818560,
  "final_val_loss": 1.7980685763888888,
  "budget_train_tokens": 240000000,
  "budget_train_flops_counter": 2.83289935970304e+16,
  "val_loss_at_flop_checkpoint": 1.797421875,
  "wall_seconds_total_run": 1677.0332210399993,
  "wall_seconds_for_budget_tokens_throughput_estimate": 1676.854356575298,
  "val_loss_at_wall_checkpoint": 1.797421875,
  "cum_train_flops_observed": 2.83289935970304e+16,
  "tokens_per_sec_mean": 143125.13132634902,
  "peak_gpu_memory_bytes": 32097904128,
  "llm_judge": {
    "coherence_mean": 0.0,
    "grammar_mean": 0.0,
    "creativity_mean": 0.0
  },
  "history_len": 14
}